{
  "files": {
    "9931b196-7fb3-4e42-9e0c-d1908620898c.jsonl": {
      "last_position": 856826,
      "last_modified": 1769814496.4718595
    },
    "292e0083-0cee-4bf4-94cb-b2f8e8828044.jsonl": {
      "last_position": 831865,
      "last_modified": 1769819537.6981964
    },
    "31baf762-92be-412f-8c69-d17ab54ec1a4.jsonl": {
      "last_position": 84164,
      "last_modified": 1769785272.6231947
    },
    "148e9eb1-f793-4b26-b0f7-d12de912b446.jsonl": {
      "last_position": 499125,
      "last_modified": 1769806973.5803897
    },
    "9138c545-5e1b-42f5-afb0-69af7bfe2534.jsonl": {
      "last_position": 68816,
      "last_modified": 1769831404.2452135
    },
    "699dc3b7-2727-4d2c-b3eb-672ee5d486f9.jsonl": {
      "last_position": 156350,
      "last_modified": 1769850898.1177113
    },
    "014fae41-68b7-4704-b5a1-fda9f1dcbfbd.jsonl": {
      "last_position": 92914,
      "last_modified": 1769828460.0537384
    },
    "d312ff36-9f4f-4a52-be5d-0eb08084882e.jsonl": {
      "last_position": 84864,
      "last_modified": 1769796039.6614008
    },
    "1892f41b-a8ba-4f95-aeb5-b32d6e0d5827.jsonl": {
      "last_position": 4113,
      "last_modified": 1769846411.2809806
    },
    "adbb0c1f-7ba1-43df-9835-e650ffc15213.jsonl": {
      "last_position": 273429,
      "last_modified": 1769808339.35229
    },
    "4dd34a20-80e5-4540-86fc-0009a6f77420.jsonl": {
      "last_position": 11346,
      "last_modified": 1769806811.3088017
    },
    "b2101104-9514-4e21-b4ba-52e9f827c219.jsonl": {
      "last_position": 82207,
      "last_modified": 1769817662.6616337
    },
    "b62d389e-febd-487f-bb84-c8d448293264.jsonl": {
      "last_position": 940610,
      "last_modified": 1769789201.2211864
    },
    "96675361-0603-4ba5-995a-7ad9ff8e3d2a.jsonl": {
      "last_position": 6737,
      "last_modified": 1769786479.9612622
    },
    "c1e41e21-8fee-4cc9-9659-8b0e235205a5.jsonl": {
      "last_position": 18877,
      "last_modified": 1769789351.1510918
    },
    "6f891a44-f6ae-4e57-a729-7df68522a2a3.jsonl": {
      "last_position": 325331,
      "last_modified": 1769851072.210451
    },
    "a98040af-45ed-4f87-acc3-49543dd1c50d.jsonl": {
      "last_position": 72710,
      "last_modified": 1769832119.8171597
    },
    "de364eda-97cc-467e-8ba7-a53845e93ce8.jsonl": {
      "last_position": 94626,
      "last_modified": 1769850080.916325
    },
    "0ac1e102-8546-4489-b6d2-ce8951d76df6.jsonl": {
      "last_position": 549855,
      "last_modified": 1769851896.369768
    },
    "c35ce542-db77-4ac5-be97-a50164cc43d8.jsonl": {
      "last_position": 2327865,
      "last_modified": 1769804922.002571
    },
    "b8a1bec6-f80e-489f-989a-4eef3f64a32a.jsonl": {
      "last_position": 33153,
      "last_modified": 1769806959.1645133
    },
    "d610ec1b-7584-4ac2-93a4-45deaa58b306.jsonl": {
      "last_position": 946385,
      "last_modified": 1769849079.3666906
    },
    "e1d13fa5-bbf1-43f1-a187-4ba2339632f4.jsonl": {
      "last_position": 91725,
      "last_modified": 1769839250.640091
    }
  },
  "version": 1
}